{
  "video_name": "20231209_tCmWNuUc-Bc",
  "num_frames": 156,
  "num_features": 156,
  "feature_dim": 2048,
  "feature_stats": {
    "mean_norm": 24.555627822875977,
    "max_norm": 77.9920654296875,
    "std_norm": 16.682634353637695
  },
  "timestamp": "2025-11-19T18:19:15.774874"
}