{
  "video_name": "20231227_OzJEjyQISnM",
  "num_frames": 152,
  "num_features": 152,
  "feature_dim": 2048,
  "feature_stats": {
    "mean_norm": 24.653533935546875,
    "max_norm": 79.24869537353516,
    "std_norm": 16.641197204589844
  },
  "timestamp": "2025-11-19T18:24:50.208409"
}