{
  "video_name": "20231223_QkjXO641qG8",
  "num_frames": 151,
  "num_features": 151,
  "feature_dim": 2048,
  "feature_stats": {
    "mean_norm": 25.037307739257812,
    "max_norm": 80.00398254394531,
    "std_norm": 17.074588775634766
  },
  "timestamp": "2025-11-19T18:24:18.340331"
}