{
  "video_name": "20240622_0GMrVgoSMCE",
  "num_frames": 149,
  "num_features": 149,
  "feature_dim": 2048,
  "feature_stats": {
    "mean_norm": 25.583656311035156,
    "max_norm": 80.40333557128906,
    "std_norm": 17.227272033691406
  },
  "timestamp": "2025-11-19T19:25:49.606517"
}