{
  "video_name": "20240703_hos_oj1eBgM",
  "num_frames": 152,
  "num_features": 152,
  "feature_dim": 2048,
  "feature_stats": {
    "mean_norm": 25.192880630493164,
    "max_norm": 80.712158203125,
    "std_norm": 17.13478660583496
  },
  "timestamp": "2025-11-19T19:27:13.801906"
}