{
  "video_name": "20241030_1ISUtzG2FTg",
  "num_frames": 149,
  "num_features": 149,
  "feature_dim": 2048,
  "feature_stats": {
    "mean_norm": 25.389610290527344,
    "max_norm": 79.08148956298828,
    "std_norm": 17.115966796875
  },
  "timestamp": "2025-11-19T19:45:24.218236"
}