{
  "video_name": "20240828_iRVd57IMTdk",
  "num_frames": 148,
  "num_features": 148,
  "feature_dim": 2048,
  "feature_stats": {
    "mean_norm": 25.435670852661133,
    "max_norm": 80.24493408203125,
    "std_norm": 17.077573776245117
  },
  "timestamp": "2025-11-19T19:35:17.288622"
}