{
  "video_name": "20240608_wgUTdtws45c",
  "num_frames": 151,
  "num_features": 151,
  "feature_dim": 2048,
  "feature_stats": {
    "mean_norm": 25.412128448486328,
    "max_norm": 79.50711059570312,
    "std_norm": 17.0158634185791
  },
  "timestamp": "2025-11-19T19:23:50.394642"
}