{
  "video_name": "20241204_XCv-AJ0FpkM",
  "num_frames": 151,
  "num_features": 151,
  "feature_dim": 2048,
  "feature_stats": {
    "mean_norm": 25.00689125061035,
    "max_norm": 79.31672668457031,
    "std_norm": 16.892555236816406
  },
  "timestamp": "2025-11-19T19:59:30.170800"
}