{
  "video_name": "20240521_hHSStefaIMU",
  "num_frames": 147,
  "num_features": 147,
  "feature_dim": 2048,
  "feature_stats": {
    "mean_norm": 25.40376091003418,
    "max_norm": 78.40899658203125,
    "std_norm": 16.797279357910156
  },
  "timestamp": "2025-11-19T19:17:38.258691"
}