{
  "video_name": "20240103_O71rpzMYdqI",
  "num_frames": 153,
  "num_features": 153,
  "feature_dim": 2048,
  "feature_stats": {
    "mean_norm": 25.38349723815918,
    "max_norm": 80.18389129638672,
    "std_norm": 16.66747283935547
  },
  "timestamp": "2025-11-19T18:28:05.559938"
}