{
  "video_name": "20241001_X7DFyJ5D-Gs",
  "num_frames": 147,
  "num_features": 147,
  "feature_dim": 2048,
  "feature_stats": {
    "mean_norm": 25.86754035949707,
    "max_norm": 80.70514678955078,
    "std_norm": 17.924530029296875
  },
  "timestamp": "2025-11-19T19:40:42.612712"
}