{
  "video_name": "20241214_mJ9TTELvebM",
  "num_frames": 145,
  "num_features": 145,
  "feature_dim": 2048,
  "feature_stats": {
    "mean_norm": 25.804868698120117,
    "max_norm": 80.2829360961914,
    "std_norm": 16.924226760864258
  },
  "timestamp": "2025-11-19T20:01:33.256178"
}