{
  "video_name": "20241228_P-z27eMkeLY",
  "num_frames": 152,
  "num_features": 152,
  "feature_dim": 2048,
  "feature_stats": {
    "mean_norm": 24.707603454589844,
    "max_norm": 79.85942077636719,
    "std_norm": 16.816417694091797
  },
  "timestamp": "2025-11-19T20:05:34.522080"
}