{
  "video_name": "20241008_k2fI3Fp66EY",
  "num_frames": 150,
  "num_features": 150,
  "feature_dim": 2048,
  "feature_stats": {
    "mean_norm": 25.206846237182617,
    "max_norm": 80.67516326904297,
    "std_norm": 17.14967155456543
  },
  "timestamp": "2025-11-19T19:41:44.177496"
}