{
  "video_name": "20241004_j0nvL8nLa2I",
  "num_frames": 148,
  "num_features": 148,
  "feature_dim": 2048,
  "feature_stats": {
    "mean_norm": 25.495248794555664,
    "max_norm": 80.53921508789062,
    "std_norm": 17.266727447509766
  },
  "timestamp": "2025-11-19T19:41:12.276674"
}