{
  "video_name": "20240228_HroyMQPrQp0",
  "num_frames": 147,
  "num_features": 147,
  "feature_dim": 2048,
  "feature_stats": {
    "mean_norm": 25.066829681396484,
    "max_norm": 78.71737670898438,
    "std_norm": 16.750144958496094
  },
  "timestamp": "2025-11-19T18:47:32.255199"
}