{
  "video_name": "20240813_jNMfR1dYXdw",
  "num_frames": 148,
  "num_features": 148,
  "feature_dim": 2048,
  "feature_stats": {
    "mean_norm": 25.314844131469727,
    "max_norm": 80.75225830078125,
    "std_norm": 17.512346267700195
  },
  "timestamp": "2025-11-19T19:33:17.162888"
}