{
  "video_name": "20240628_9yvdm6VhnMQ",
  "num_frames": 147,
  "num_features": 147,
  "feature_dim": 2048,
  "feature_stats": {
    "mean_norm": 25.2080135345459,
    "max_norm": 80.66974639892578,
    "std_norm": 17.625295639038086
  },
  "timestamp": "2025-11-19T19:26:46.906696"
}