{
  "video_name": "20240626_Kr2F-o3I8xA",
  "num_frames": 151,
  "num_features": 151,
  "feature_dim": 2048,
  "feature_stats": {
    "mean_norm": 25.75796890258789,
    "max_norm": 79.71156311035156,
    "std_norm": 16.874786376953125
  },
  "timestamp": "2025-11-19T19:26:18.782097"
}