{
  "video_name": "20240117_BClw5OccULo",
  "num_frames": 148,
  "num_features": 148,
  "feature_dim": 2048,
  "feature_stats": {
    "mean_norm": 25.616580963134766,
    "max_norm": 81.2374267578125,
    "std_norm": 17.353118896484375
  },
  "timestamp": "2025-11-19T18:34:24.013620"
}