{
  "video_name": "20241109_Yx7Pat1gv6U",
  "num_frames": 146,
  "num_features": 146,
  "feature_dim": 2048,
  "feature_stats": {
    "mean_norm": 25.15148162841797,
    "max_norm": 79.98188781738281,
    "std_norm": 17.43463134765625
  },
  "timestamp": "2025-11-19T19:48:55.238168"
}