{
  "video_name": "20241127_3uTSoc_SpGU",
  "num_frames": 151,
  "num_features": 151,
  "feature_dim": 2048,
  "feature_stats": {
    "mean_norm": 25.567216873168945,
    "max_norm": 80.43016052246094,
    "std_norm": 16.932945251464844
  },
  "timestamp": "2025-11-19T19:57:29.883268"
}