{
  "video_name": "20240419_cM-yHYxwot0",
  "num_frames": 152,
  "num_features": 152,
  "feature_dim": 2048,
  "feature_stats": {
    "mean_norm": 25.284454345703125,
    "max_norm": 79.33547973632812,
    "std_norm": 16.64124298095703
  },
  "timestamp": "2025-11-19T19:07:58.145296"
}