{
  "video_name": "20241218_9QIFq5MFNFE",
  "num_frames": 154,
  "num_features": 154,
  "feature_dim": 2048,
  "feature_stats": {
    "mean_norm": 25.041301727294922,
    "max_norm": 81.25936889648438,
    "std_norm": 17.339921951293945
  },
  "timestamp": "2025-11-19T20:02:06.133669"
}