{
  "video_name": "20240806_3itZdEz2Aog",
  "num_frames": 152,
  "num_features": 152,
  "feature_dim": 2048,
  "feature_stats": {
    "mean_norm": 24.261796951293945,
    "max_norm": 80.26444244384766,
    "std_norm": 17.31240463256836
  },
  "timestamp": "2025-11-19T19:32:17.357058"
}