{
  "video_name": "20240817_bLIJl4NiAs4",
  "num_frames": 152,
  "num_features": 152,
  "feature_dim": 2048,
  "feature_stats": {
    "mean_norm": 25.787702560424805,
    "max_norm": 80.4350814819336,
    "std_norm": 16.935081481933594
  },
  "timestamp": "2025-11-19T19:33:48.377276"
}