{
  "video_name": "20240120_B31ILAXConA",
  "num_frames": 148,
  "num_features": 148,
  "feature_dim": 2048,
  "feature_stats": {
    "mean_norm": 25.524433135986328,
    "max_norm": 81.96630096435547,
    "std_norm": 17.247194290161133
  },
  "timestamp": "2025-11-19T18:35:53.708814"
}