{
  "video_name": "20250919_QO8M0rpaPBM",
  "num_frames": 152,
  "num_features": 152,
  "feature_dim": 2048,
  "feature_stats": {
    "mean_norm": 25.39177131652832,
    "max_norm": 81.4612045288086,
    "std_norm": 17.5637149810791
  },
  "timestamp": "2025-11-19T21:34:13.741852"
}