{
  "video_name": "20250604_Vxgn8WQYboM",
  "num_frames": 151,
  "num_features": 151,
  "feature_dim": 2048,
  "feature_stats": {
    "mean_norm": 25.955188751220703,
    "max_norm": 81.44580841064453,
    "std_norm": 17.46250343322754
  },
  "timestamp": "2025-11-19T20:44:14.241819"
}