{
  "video_name": "20250502_UNSduL5PJZU",
  "num_frames": 152,
  "num_features": 152,
  "feature_dim": 2048,
  "feature_stats": {
    "mean_norm": 24.5628719329834,
    "max_norm": 78.91031646728516,
    "std_norm": 16.997241973876953
  },
  "timestamp": "2025-11-19T20:31:11.874074"
}