{
  "video_name": "20250507_OOEkv5fKj6o",
  "num_frames": 152,
  "num_features": 152,
  "feature_dim": 2048,
  "feature_stats": {
    "mean_norm": 25.417613983154297,
    "max_norm": 80.9651107788086,
    "std_norm": 17.18636703491211
  },
  "timestamp": "2025-11-19T20:33:22.658754"
}