{
  "video_name": "20250301_sGJ82eNtY_k",
  "num_frames": 149,
  "num_features": 149,
  "feature_dim": 2048,
  "feature_stats": {
    "mean_norm": 24.132461547851562,
    "max_norm": 79.55004119873047,
    "std_norm": 17.34942626953125
  },
  "timestamp": "2025-11-19T20:18:49.973618"
}