{
  "video_name": "20251024_4BL5mAgn41U",
  "num_frames": 151,
  "num_features": 151,
  "feature_dim": 2048,
  "feature_stats": {
    "mean_norm": 23.749746322631836,
    "max_norm": 77.53611755371094,
    "std_norm": 16.893600463867188
  },
  "timestamp": "2025-11-19T21:43:29.379062"
}