{
  "video_name": "20250219_ibxbAxJLRAQ",
  "num_frames": 150,
  "num_features": 150,
  "feature_dim": 2048,
  "feature_stats": {
    "mean_norm": 24.336589813232422,
    "max_norm": 78.28129577636719,
    "std_norm": 16.997556686401367
  },
  "timestamp": "2025-11-19T20:17:15.558066"
}