{
  "video_name": "20250208_UxSW8892X60",
  "num_frames": 152,
  "num_features": 152,
  "feature_dim": 2048,
  "feature_stats": {
    "mean_norm": 24.24459457397461,
    "max_norm": 81.0213394165039,
    "std_norm": 17.275388717651367
  },
  "timestamp": "2025-11-19T20:15:45.084968"
}