{
  "video_name": "20250726_Jxvvi0H0-pE",
  "num_frames": 151,
  "num_features": 151,
  "feature_dim": 2048,
  "feature_stats": {
    "mean_norm": 25.517797470092773,
    "max_norm": 80.10264587402344,
    "std_norm": 17.359533309936523
  },
  "timestamp": "2025-11-19T21:09:55.378827"
}