{
  "video_name": "20250510_nWPmobUD6fM",
  "num_frames": 152,
  "num_features": 152,
  "feature_dim": 2048,
  "feature_stats": {
    "mean_norm": 25.441850662231445,
    "max_norm": 81.7862319946289,
    "std_norm": 17.15821647644043
  },
  "timestamp": "2025-11-19T20:34:51.666850"
}