{
  "video_name": "20250822_8fx1LHXXziI",
  "num_frames": 151,
  "num_features": 151,
  "feature_dim": 2048,
  "feature_stats": {
    "mean_norm": 25.721908569335938,
    "max_norm": 81.45814514160156,
    "std_norm": 17.290769577026367
  },
  "timestamp": "2025-11-19T21:21:38.473722"
}