{
  "video_name": "20250101_tUMXOXaDsto",
  "num_frames": 151,
  "num_features": 151,
  "feature_dim": 2048,
  "feature_stats": {
    "mean_norm": 25.485811233520508,
    "max_norm": 79.89495086669922,
    "std_norm": 16.729631423950195
  },
  "timestamp": "2025-11-19T20:07:07.619701"
}