{
  "video_name": "20250429_OlqRyILtXSw",
  "num_frames": 151,
  "num_features": 151,
  "feature_dim": 2048,
  "feature_stats": {
    "mean_norm": 25.155017852783203,
    "max_norm": 79.38851928710938,
    "std_norm": 17.046857833862305
  },
  "timestamp": "2025-11-19T20:29:08.818321"
}