{
  "video_name": "20250806_MJMsT4NLfmM",
  "num_frames": 148,
  "num_features": 148,
  "feature_dim": 2048,
  "feature_stats": {
    "mean_norm": 25.21074104309082,
    "max_norm": 79.3704833984375,
    "std_norm": 16.99439811706543
  },
  "timestamp": "2025-11-19T21:14:16.933951"
}