{
  "video_name": "20250903_IEUcEijkUfc",
  "num_frames": 153,
  "num_features": 153,
  "feature_dim": 2048,
  "feature_stats": {
    "mean_norm": 25.784059524536133,
    "max_norm": 79.48812103271484,
    "std_norm": 16.694286346435547
  },
  "timestamp": "2025-11-19T21:27:23.597209"
}