{
  "video_name": "20250613_y9EFqIQln3g",
  "num_frames": 150,
  "num_features": 150,
  "feature_dim": 2048,
  "feature_stats": {
    "mean_norm": 25.143400192260742,
    "max_norm": 79.48397064208984,
    "std_norm": 17.1341495513916
  },
  "timestamp": "2025-11-19T20:49:13.534181"
}