{
  "video_name": "20250411_-a0RCpDt570",
  "num_frames": 147,
  "num_features": 147,
  "feature_dim": 2048,
  "feature_stats": {
    "mean_norm": 25.77866554260254,
    "max_norm": 81.34113311767578,
    "std_norm": 17.55937957763672
  },
  "timestamp": "2025-11-19T20:24:42.349268"
}