{
  "video_name": "20250715_txevpycQmIo",
  "num_frames": 152,
  "num_features": 152,
  "feature_dim": 2048,
  "feature_stats": {
    "mean_norm": 25.48687744140625,
    "max_norm": 81.07498931884766,
    "std_norm": 17.497264862060547
  },
  "timestamp": "2025-11-19T21:05:35.153000"
}