{
  "video_name": "20250308_HjdPjMz3tdY",
  "num_frames": 143,
  "num_features": 143,
  "feature_dim": 2048,
  "feature_stats": {
    "mean_norm": 25.24871253967285,
    "max_norm": 78.04280090332031,
    "std_norm": 16.523866653442383
  },
  "timestamp": "2025-11-19T20:19:19.983091"
}