{
  "video_name": "20250103_HR_zZ_VCOAE",
  "num_frames": 152,
  "num_features": 152,
  "feature_dim": 2048,
  "feature_stats": {
    "mean_norm": 25.497039794921875,
    "max_norm": 79.51515197753906,
    "std_norm": 16.847993850708008
  },
  "timestamp": "2025-11-19T20:08:33.453592"
}