{
  "video_name": "20251001_O4NzZKqanrk",
  "num_frames": 152,
  "num_features": 152,
  "feature_dim": 2048,
  "feature_stats": {
    "mean_norm": 25.85941505432129,
    "max_norm": 81.35218048095703,
    "std_norm": 17.275808334350586
  },
  "timestamp": "2025-11-19T21:37:38.381979"
}