{
  "video_name": "20250325_24U2Zy2skUA",
  "num_frames": 154,
  "num_features": 154,
  "feature_dim": 2048,
  "feature_stats": {
    "mean_norm": 25.24346351623535,
    "max_norm": 80.11756134033203,
    "std_norm": 16.744096755981445
  },
  "timestamp": "2025-11-19T20:21:18.857730"
}