{
  "video_name": "20250916_fIhAEPJMu5Q",
  "num_frames": 152,
  "num_features": 152,
  "feature_dim": 2048,
  "feature_stats": {
    "mean_norm": 25.06512451171875,
    "max_norm": 79.6601333618164,
    "std_norm": 17.076793670654297
  },
  "timestamp": "2025-11-19T21:31:41.180536"
}