{
  "video_name": "20250909_B5Lub-bI0wU",
  "num_frames": 152,
  "num_features": 152,
  "feature_dim": 2048,
  "feature_stats": {
    "mean_norm": 24.522388458251953,
    "max_norm": 81.11772155761719,
    "std_norm": 17.236469268798828
  },
  "timestamp": "2025-11-19T21:31:04.307187"
}