{
  "video_name": "20251014_3yfzrLAbXUU",
  "num_frames": 152,
  "num_features": 152,
  "feature_dim": 2048,
  "feature_stats": {
    "mean_norm": 25.07329559326172,
    "max_norm": 78.86703491210938,
    "std_norm": 16.97024917602539
  },
  "timestamp": "2025-11-19T21:42:33.179827"
}