{
  "video_name": "20250704_UT9eZPrtLPk",
  "num_frames": 151,
  "num_features": 151,
  "feature_dim": 2048,
  "feature_stats": {
    "mean_norm": 25.397682189941406,
    "max_norm": 80.11065673828125,
    "std_norm": 17.45457649230957
  },
  "timestamp": "2025-11-19T21:00:02.659243"
}