{
  "video_name": "20250416_1-wu4GCSU1c",
  "num_frames": 151,
  "num_features": 151,
  "feature_dim": 2048,
  "feature_stats": {
    "mean_norm": 24.18182945251465,
    "max_norm": 79.94315338134766,
    "std_norm": 17.271841049194336
  },
  "timestamp": "2025-11-19T20:26:08.062428"
}